,CreatedAt,Description,Score
0,2022-09-04 14:42:00+00:00,@gautam_adani Om Shanti üôèüôè,0.0
1,2022-09-04 14:41:46+00:00,"RT @mygovt007: 1] Who licensed Adani for Palm oil..? 
: Rajiv Gandhi, 1989
2] Who provided Adani with India's largest port trade..? 
: Nara‚Ä¶",0.0
2,2022-09-04 14:41:42+00:00,RT @RoopsSaxena: If Indians still can't understand how bjp s corruption and plunder of common has made Adani 3rd richest man in just 8 year‚Ä¶,0.5267
3,2022-09-04 14:41:33+00:00,"@SalmanRadiowal1 Dear Salman, we have replied to your DM. Thanks!",0.6996
4,2022-09-04 14:41:08+00:00,"Another kachra spotted, Rahul, naam to suna hoga. Apply burnol and sleep, tomorrow you need to please your bosses A‚Ä¶ https://t.co/pPDHsBymJQ",0.3182
5,2022-09-04 14:40:42+00:00,"RT @CNBCTV18Live: Shocked and saddened to hear of the passing of Cyrus Mistry. One of the finest gentlemen I have known, says Gautam Adani‚Ä¶",-0.6908
6,2022-09-04 14:40:17+00:00,"RT @MumbaichaDon: Adani is Officially getting Closer to Takeover of @ndtv!!!

My info says SEBI has in internal consultations concluded tha‚Ä¶",0.0
7,2022-09-04 14:39:54+00:00,"RT @mr_mayank: ""Modi can't become PM without the support of Adani-Ambani"" ~ @RahulGandhi üî•üî•

https://t.co/0DYaw4M1Oh",-0.3089
8,2022-09-04 14:39:49+00:00,"#India local stock index +2%. Adani-Ambani corp empires 1/4 listed capital spend, ~5%/GDP https://t.co/5HRgTdfPEP.‚Ä¶ https://t.co/05ndj32IT6",0.0
9,2022-09-04 14:39:44+00:00,"RT @prathod2008: @gautam_adani Shocked and saddened to hear of the passing of #CyrusMistry. One of the finest gentlemen I have known, he wa‚Ä¶",-0.6908
10,2022-09-04 14:39:41+00:00,"RT @IYCGujarat: Reject Adani,Reject Drugs,Reject BJP..
#Gujarat #Adani #MudraPort #BJPDrugGate https://t.co/cuQzKOHjJ6",-0.4019
11,2022-09-04 14:39:26+00:00,"RT @GauravPandhi: Gautam Adani with a debt of more than $25 billion is celebrated.

A farmer with a debt of ‚Çπ2.5 lakh is forced to die by s‚Ä¶",-0.802
12,2022-09-04 14:39:26+00:00,"RT @Shehzad_Ind: Hypocrisy Bol! 

Adani,Ambani pledge highest investment in Congress ruled Rajasthan 

Rajasthan allots land to Adani for s‚Ä¶",0.0
13,2022-09-04 14:39:26+00:00,"RT @RuplekhaMitra1: Modi has two bosses Adani&amp; Ambani, two assistants CBI &amp; ED , two achievement unemployment &amp; inflation,two friends  Indi‚Ä¶",0.0516
14,2022-09-04 14:39:23+00:00,"@connectgurmeet Left ecosystem, liberals &amp; opposition have built a narrative that Adani got full support from Modi‚Ä¶ https://t.co/d6UKNeATCc",0.4019
15,2022-09-04 14:39:22+00:00,"@gautam_adani Sir good evening..
I am requesting you to launch an Indian Search Engine like Google to protect India‚Ä¶ https://t.co/I5IMkkG8mp",0.7906
16,2022-09-04 14:39:18+00:00,"RT @mr_mayank: ""Modi can't become PM without the support of Adani-Ambani"" ~ @RahulGandhi üî•üî•

https://t.co/0DYaw4M1Oh",-0.3089
17,2022-09-04 14:39:15+00:00,"RT @krishanKTRS: India‚Äôs GDP did not grow but Adani who holds highest debts in the nation has risen to 9.47 lakh crore.
Thanks to Salesman‚Ä¶",0.5927
18,2022-09-04 14:39:14+00:00,RT @RoopsSaxena: If Indians still can't understand how bjp s corruption and plunder of common has made Adani 3rd richest man in just 8 year‚Ä¶,0.5267
19,2022-09-04 14:38:54+00:00,"RT @MumbaichaDon: Adani is Officially getting Closer to Takeover of @ndtv!!!

My info says SEBI has in internal consultations concluded tha‚Ä¶",0.0
20,2022-09-04 14:38:45+00:00,"RT @bankniftydoctor: Google link for Jigisha speciality hospital address 

https://t.co/cs8Re4cGfc",0.0
21,2022-09-04 14:38:27+00:00,"RT @Shehzad_Ind: Hypocrisy Bol! 

Adani,Ambani pledge highest investment in Congress ruled Rajasthan 

Rajasthan allots land to Adani for s‚Ä¶",0.0
22,2022-09-04 14:38:12+00:00,"@NeilBahal Top companies with heavy Capex plans on Green Hydrogen Energy

*Reliance Industries

*Adani Green Energy‚Ä¶ https://t.co/XJx2JMyAsN",0.4404
23,2022-09-04 14:38:07+00:00,"RT @UttamYKT: INDIAN economy is not at five numbers it is at third number but Only for Adani,rest are at 145 th position 
#IndianEconomy ht‚Ä¶",0.0387
24,2022-09-04 14:38:01+00:00,RT @RoopsSaxena: If Indians still can't understand how bjp s corruption and plunder of common has made Adani 3rd richest man in just 8 year‚Ä¶,0.5267
25,2022-09-04 14:37:53+00:00,"RT @krishanKTRS: India‚Äôs GDP did not grow but Adani who holds highest debts in the nation has risen to 9.47 lakh crore.
Thanks to Salesman‚Ä¶",0.5927
26,2022-09-04 14:37:49+00:00,"RT @CNBCTV18Live: Shocked and saddened to hear of the passing of Cyrus Mistry. One of the finest gentlemen I have known, says Gautam Adani‚Ä¶",-0.6908
27,2022-09-04 14:37:48+00:00,"In wealth, Adani beats Bill Gates. In poverty, India beats Nigeria.",-0.0258
28,2022-09-04 14:37:44+00:00,"RT @CNBCTV18Live: Shocked and saddened to hear of the passing of Cyrus Mistry. One of the finest gentlemen I have known, says Gautam Adani‚Ä¶",-0.6908
29,2022-09-04 14:37:33+00:00,"RT @MumbaichaDon: Adani is Officially getting Closer to Takeover of @ndtv!!!

My info says SEBI has in internal consultations concluded tha‚Ä¶",0.0
30,2022-09-04 14:37:30+00:00,"RT @mr_mayank: ""Narendra Modi might be the Prime Minister but he can't remain PM without the support of Adani-Ambani""

Rahul Gandhi on fire‚Ä¶",-0.438
31,2022-09-04 14:37:17+00:00,@mr_mayank @ndtv Since now owner of ndtv is ambani adani,0.0
32,2022-09-04 14:37:15+00:00,@gautam_adani We lost another great businessman üò¢,0.4215
33,2022-09-04 14:37:13+00:00,RT @ProfKapilKumar: Any hospital in India has treatment for Modhiphobia? &amp; infection of Adani- Ambaniphobia makes it more dangerous as one‚Ä¶,-0.5256
34,2022-09-04 14:37:08+00:00,"RT @mr_mayank: ""Modi can't become PM without the support of Adani-Ambani"" ~ @RahulGandhi üî•üî•

https://t.co/0DYaw4M1Oh",-0.3089
35,2022-09-04 14:37:08+00:00,@ConfuseForever @earthkitchen Adani is the most honest industrialist in country and so is the bjp party üòÇüòÇüòÇüòÇ,0.7425
36,2022-09-04 14:37:01+00:00,"RT @Dr_Uditraj: Adani is fake 4th rank billionair in the world. His wealth is nothing but loot of  bank laons &amp; public money of  IPO. 
@INC‚Ä¶",0.0129
37,2022-09-04 14:36:47+00:00,"RT @legitvirat: Congress &amp; Left Wing's Narrative:  Gautan Adani is 3rd Richest person of the world because of Narendra Modi, but India is 5‚Ä¶",0.296
38,2022-09-04 14:36:41+00:00,"RT @SpiritOfCongres: ""Modi may be PM but Modi doesn't do anything without consent from those TWO(Ambani &amp; Adani) "" üî•üî•üî•

Shri. Rahul Gandhi‚Ä¶",-0.2498
39,2022-09-04 14:36:37+00:00,"RT @apdutta7: @IndiaToday @RahulGandhi Irrespective of whatever RG says, it's a matter of verified National  financial record that the weal‚Ä¶",0.0258
40,2022-09-04 14:36:37+00:00,"RT @MumbaichaDon: Adani is Officially getting Closer to Takeover of @ndtv!!!

My info says SEBI has in internal consultations concluded tha‚Ä¶",0.0
41,2022-09-04 14:36:36+00:00,"RT @pushpendrakum: Once Adani Ji will acquire crypto exchanges, crypto will regulate in India without any tax. 

Adani will get all the lic‚Ä¶",0.0
42,2022-09-04 14:36:30+00:00,@thehawkeyex @raghav_chadha More close than Adani and Ambani is to the ruling party and the prime minister?,0.4019
43,2022-09-04 14:36:26+00:00,"RT @SpiritOfCongres: ""Modi may be PM but Modi doesn't do anything without consent from those TWO(Ambani &amp; Adani) "" üî•üî•üî•

Shri. Rahul Gandhi‚Ä¶",-0.2498
44,2022-09-04 14:36:04+00:00,"@gautam_adani You are soreading hate among Indian  people just because of your benefit .
Just note down my word.
No‚Ä¶ https://t.co/IAzuGRjo0A",-0.1779
45,2022-09-04 14:36:01+00:00,@darshitpatel84 If you have guts then buy Adani at current level.,0.0
46,2022-09-04 14:35:37+00:00,"Q:Who provided the 6100 MW power plant to Adani?
A:Amarinder Singh,Punjab CM, Congress Year - November 2020.

But s‚Ä¶ https://t.co/EFr0eK5Nxm",0.0
47,2022-09-04 14:35:36+00:00,"Q:Who gave the 4G license 2 Ambani?
A:Manmohan Singh,Congress,Year:2013

Q:Who also donated 11 to 11 highway contra‚Ä¶ https://t.co/fJxQCigluc",0.0
48,2022-09-04 14:35:35+00:00,"#RahulGandhi
Do you Know
Q:Who licensed Adani 4 Palm oil?
A:Rajiv Gandhi, Congress, Year: 1989.

Q:Who provided Ada‚Ä¶ https://t.co/uJ2xQp4LvB",0.0
49,2022-09-04 14:35:33+00:00,"RT @VikaskMishra7: Respected all please help
@theNAMedicine 
@NLM_NIH 
@NLM_NIH 
@PCRM 
@HelpNowIndia 
@Childhelpindia 
@RedCross 
@America‚Ä¶",0.7964
50,2022-09-04 14:35:23+00:00,"@darshitpatel84 Waiting for right time, i will short adani ent with 100% capital.",0.0
51,2022-09-04 14:35:17+00:00,"@RahulGandhi Feeling sorry for Cyrus Mistry.
Doesn't Ambani and Adani are the part of the same growth story ?",0.4215
52,2022-09-04 14:35:16+00:00,"RT @mr_mayank: ""Narendra Modi might be the Prime Minister but he can't remain PM without the support of Adani-Ambani""

Rahul Gandhi on fire‚Ä¶",-0.438
53,2022-09-04 14:35:07+00:00,"RT @SurrbhiM: ""Narendra Modi  can't remain PM without the support of Adani-Ambani""

~Rahul Gandhi üî•üî•",-0.3089
54,2022-09-04 14:34:39+00:00,@gautam_adani Om shanti üôè,0.0
55,2022-09-04 14:34:23+00:00,"RT @Arshi_E_Sid: Going by Sitharaman's justification of modi's pics on ration packs, 
Adani's pic should be on modi's face.",0.0
56,2022-09-04 14:33:59+00:00,"RT @Ravisutanjani: Adani Group has a total debt of ‚Çπ2.6 lakh crore, among the most indebted businesses in India.

80% farmers suicide due t‚Ä¶",-0.7906
57,2022-09-04 14:33:36+00:00,RT @HKupdate: Popular Front terrorists extends support to Latin Catholic strike against Adani 's Vizhinjham Airport https://t.co/LR6g6oB12a,0.1027
58,2022-09-04 14:33:33+00:00,"RT @VinayDokania: From Boycott Bollywood to Pakistan to Ukraine War to Srilanka Economy Collapse to Noide Twin Tower To what not, Adani s P‚Ä¶",-0.8555
59,2022-09-04 14:33:28+00:00,"Adani is now a trillionaire in debt üëç
The question to ask, who bears this loss?

https://t.co/Sce3ttdry0",-0.628
60,2022-09-04 14:33:20+00:00,"RT @Dr_Vajid_Ali: all for Adani.
#NirmalaSitharaman https://t.co/rfn2ujqbdt",0.0
61,2022-09-04 14:33:18+00:00,RT @JAslamBasha: I am 100% sure this 3 powerful people will make poor rich by making them earn 1500 rs a day not like Modi making rich Adan‚Ä¶,0.8196
62,2022-09-04 14:33:14+00:00,"RT @CNBCTV18Live: Shocked and saddened to hear of the passing of Cyrus Mistry. One of the finest gentlemen I have known, says Gautam Adani‚Ä¶",-0.6908
63,2022-09-04 14:32:47+00:00,"RT @MumbaichaDon: Adani is Officially getting Closer to Takeover of @ndtv!!!

My info says SEBI has in internal consultations concluded tha‚Ä¶",0.0
64,2022-09-04 14:32:45+00:00,"RT @RavinderKapur2: Adani's worth, barely $7bn in 2014 &amp; its jumped to $143bn in 8 yrs.
Adani group's gross debt rises to
 Rs 2.6 trillion‚Ä¶",-0.5719
65,2022-09-04 14:32:31+00:00,RT @seethakkaMLA: I am 100% sure this 3 powerful people will make poor rich by making them earn 1500 rs a day not like Modi making rich Ada‚Ä¶,0.8196
66,2022-09-04 14:32:23+00:00,"@gautam_adani Om Shanti!!
|| You will reach your destination faster by Boarding on Rajadhani than Local train ||.
-‚Ä¶ https://t.co/97RTrkjDga",0.1739
67,2022-09-04 14:31:57+00:00,"RT @Shehzad_Ind: Hypocrisy Bol! 

Adani,Ambani pledge highest investment in Congress ruled Rajasthan 

Rajasthan allots land to Adani for s‚Ä¶",0.0
68,2022-09-04 14:31:46+00:00,"RT @pushpendrakum: Once Adani Ji will acquire crypto exchanges, crypto will regulate in India without any tax. 

Adani will get all the lic‚Ä¶",0.0
69,2022-09-04 14:31:24+00:00,"RT @Dr_Uditraj: Adani is fake 4th rank billionair in the world. His wealth is nothing but loot of  bank laons &amp; public money of  IPO. 
@INC‚Ä¶",0.0129
70,2022-09-04 14:31:13+00:00,"RT @CNBCTV18Live: Shocked and saddened to hear of the passing of Cyrus Mistry. One of the finest gentlemen I have known, says Gautam Adani‚Ä¶",-0.6908
71,2022-09-04 14:31:06+00:00,"The day this group fails India goes down the drain. üòµ‚Äçüí´üò≠
https://t.co/QNZGO7b0cQ",-0.4215
72,2022-09-04 14:30:44+00:00,"RT @Shehzad_Ind: Hypocrisy Bol! 

Adani,Ambani pledge highest investment in Congress ruled Rajasthan 

Rajasthan allots land to Adani for s‚Ä¶",0.0
73,2022-09-04 14:30:41+00:00,"RT @AneeqBJP: No Lights in Patil Galli / Buddha Gali Versova the way coming out from jetti Versova Andheri west.
@Adani_Elec_Mum Request to‚Ä¶",-0.296
74,2022-09-04 14:30:21+00:00,"RT @SurrbhiM: ""Narendra Modi  can't remain PM without the support of Adani-Ambani""

~Rahul Gandhi üî•üî•",-0.3089
75,2022-09-04 14:30:15+00:00,"RT @KedarAnilGadgil: I am calling it: We've seen peak Adani.

If I had the resources, I'd short him now.",0.0
76,2022-09-04 14:29:22+00:00,"RT @krishanKTRS: India‚Äôs GDP did not grow but Adani who holds highest debts in the nation has risen to 9.47 lakh crore.
Thanks to Salesman‚Ä¶",0.5927
77,2022-09-04 14:29:13+00:00,RT @HKupdate: Popular Front terrorists extends support to Latin Catholic strike against Adani 's Vizhinjham Airport https://t.co/LR6g6oB12a,0.1027
78,2022-09-04 14:29:13+00:00,"RT @CNBCTV18Live: Shocked and saddened to hear of the passing of Cyrus Mistry. One of the finest gentlemen I have known, says Gautam Adani‚Ä¶",-0.6908
79,2022-09-04 14:29:03+00:00,@gautam_adani Big loss to Indian economy &amp; industries,-0.3182
80,2022-09-04 14:28:53+00:00,"RT @swatip3844: Top-performing midcap stocks in 2022

¬†Adani Power Ltd.¬†- Power

¬†Jindal Steel- iron &amp; steel

¬†Cholainvest- Finanance

¬†Hin‚Ä¶",0.0
81,2022-09-04 14:28:42+00:00,"RT @krishanKTRS: India‚Äôs GDP did not grow but Adani who holds highest debts in the nation has risen to 9.47 lakh crore.
Thanks to Salesman‚Ä¶",0.5927
82,2022-09-04 14:28:35+00:00,"RT @MumbaichaDon: Adani is Officially getting Closer to Takeover of @ndtv!!!

My info says SEBI has in internal consultations concluded tha‚Ä¶",0.0
83,2022-09-04 14:28:34+00:00,@gautam_adani Om Shanti üôè,0.0
84,2022-09-04 14:28:32+00:00,"@RamswarthAchar4 To 
@ICJ_org @SupremeCourtIND
 : BAN Banes of India; EVM, RSS, all channels of Ambanis, Adani, Sub‚Ä¶ https://t.co/iezan05VUo",-0.6523
85,2022-09-04 14:28:31+00:00,@jspatial1 @raghav_chadha Did adani give birth to 1 million people to make India overpopulated?,0.0
86,2022-09-04 14:28:26+00:00,"$3.535 trillion Country Economy.
Adani Group‚Äôs debt to go up to Rs 2.6 trillion‚Äô",-0.3612
87,2022-09-04 14:28:21+00:00,RT @VarunKrRana: Gautam Adani became the world's third-richest person because of Modi but India became the world's 5th largest economy beca‚Ä¶,0.0
88,2022-09-04 14:28:21+00:00,"RT @SevadalKL: We cannot have two Indias as @RahulGandhi ji said in Parliament!

Modi ji, Indian lives matter! Not only your close friends‚Ä¶",0.1739
89,2022-09-04 14:28:08+00:00,"RT @MumbaichaDon: Adani is Officially getting Closer to Takeover of @ndtv!!!

My info says SEBI has in internal consultations concluded tha‚Ä¶",0.0
90,2022-09-04 14:28:06+00:00,"RT @CNBCTV18Live: Shocked and saddened to hear of the passing of Cyrus Mistry. One of the finest gentlemen I have known, says Gautam Adani‚Ä¶",-0.6908
91,2022-09-04 14:27:48+00:00,"RT @SharadBishnoi05: Damn! 

What will happen to?;

-Global Gas prices? 
-Russia Ukraine war?
-US recession?
-Asia Cup üèè outcome? 
-INC‚Äôs B‚Ä¶",-0.8922
92,2022-09-04 14:27:47+00:00,@gautam_adani Om Shanti üôè,0.0
93,2022-09-04 14:27:42+00:00,"@gautam_adani Very unfortunate, sad news to hear Sir
Om Shanti üíêüôè",-0.7698
94,2022-09-04 14:27:40+00:00,"RT @SharadBishnoi05: Damn! 

What will happen to?;

-Global Gas prices? 
-Russia Ukraine war?
-US recession?
-Asia Cup üèè outcome? 
-INC‚Äôs B‚Ä¶",-0.8922
95,2022-09-04 14:27:37+00:00,"RT @MumbaichaDon: Adani is Officially getting Closer to Takeover of @ndtv!!!

My info says SEBI has in internal consultations concluded tha‚Ä¶",0.0
96,2022-09-04 14:27:19+00:00,"RT @itsmeKNR: Manmohan Singh made India as 3rd largest economy in world.

Modi made Adani as 3rd richest man in world. 
#‡§Æ‡§π‡§Ç‡§ó‡§æ‡§à_‡§™‡§∞_‡§π‡§≤‡•ç‡§≤‡§æ_‡§¨‡•ã‚Ä¶",0.5267
97,2022-09-04 14:27:13+00:00,"RT @GauravPandhi: Gautam Adani with a debt of more than $25 billion is celebrated.

A farmer with a debt of ‚Çπ2.5 lakh is forced to die by s‚Ä¶",-0.802
98,2022-09-04 14:27:05+00:00,@ANI Just as @AamAadmiParty demands that if drugs recovered from Gujarat  port Adani should be arrested if drugs ca‚Ä¶ https://t.co/49nnQyU7mn,-0.4767
99,2022-09-04 14:26:31+00:00,"@RMantri Similar kind of thing is also being plotted by commie, missionary  and islamists against an important adani port in kerala",0.2023
