,CreateAt,TweetText
0,2022-05-04 17:08:48+00:00,", further by 0 . 98 % - â€¦"
1,2022-05-04 17:06:47+00:00,: DATA â€¦
2,2022-05-04 17:06:36+00:00,"Very opinion . If anyone holding like , You can or loss but Please â€¦"
3,2022-05-04 17:04:20+00:00,: my soft & ; 333333
4,2022-05-04 17:04:08+00:00,too strong ğŸ˜¤ğŸ˜¤ğŸ˜¤
5,2022-05-04 17:02:05+00:00,!
6,2022-05-04 17:01:02+00:00,Network ( ) Happy to that have achieved my first in my !
7,2022-05-04 17:00:47+00:00,You are to . Whereas use the exchange . Check in the .
8,2022-05-04 17:00:45+00:00,: this is â€™ year . we â€™ only at the beginning .
9,2022-05-04 17:00:24+00:00,: SO HE WAS THERE !! ğŸ«¢
10,2022-05-04 17:00:06+00:00,: He is so ğŸ˜­ğŸ˜­ but he should rest a bit
11,2022-05-04 16:59:46+00:00,", so beautiful"
12,2022-05-04 16:59:32+00:00,: DATA â€¦
13,2022-05-04 16:59:02+00:00,": The has been , but one has dominated the table once again ... ğŸ† of the â€¦"
14,2022-05-04 16:58:42+00:00,: struck so
15,2022-05-04 16:58:37+00:00,: ğŸ“· â€” doing what had to be done at the metgala2022
16,2022-05-04 16:58:24+00:00,.. ... New School ğŸ˜†
17,2022-05-04 16:58:16+00:00,also believe is perfect for it as well .. She has that â€˜ dark side !â€™
18,2022-05-04 16:57:32+00:00,is as the life of and an important life in . â€¦
19,2022-05-04 16:57:29+00:00,: BACK - 2 - BACK - 2 - BACK - 2 - BACK !! thank you to for running the so well and to our â€¦
20,2022-05-04 16:57:22+00:00,: when you are to just be the straight friend but suddenly your
21,2022-05-04 16:57:03+00:00,it ' backwards
22,2022-05-04 16:56:36+00:00,Remaining where it !
23,2022-05-04 16:56:31+00:00,: bringing this back to my of short hair
24,2022-05-04 16:56:24+00:00,no other âŒ
25,2022-05-04 16:55:57+00:00,: BACK - 2 - BACK - 2 - BACK - 2 - BACK !! thank you to for running the so well and to our â€¦
26,2022-05-04 16:55:51+00:00,- - - no matter what !
27,2022-05-04 16:55:26+00:00,
28,2022-05-04 16:55:17+00:00,"sleeping on this done by , and are the same and he â€™ off public â€¦"
29,2022-05-04 16:54:43+00:00,â€¦
30,2022-05-04 16:54:14+00:00,Good day today !
31,2022-05-04 16:54:05+00:00,â€¦
32,2022-05-04 16:53:59+00:00,We ' just too good ! Looking forward to the to this !
33,2022-05-04 16:53:16+00:00,
34,2022-05-04 16:53:13+00:00,: BACK - 2 - BACK - 2 - BACK - 2 - BACK !! thank you to for running the so well and to our â€¦
35,2022-05-04 16:53:02+00:00,: BACK - 2 - BACK - 2 - BACK - 2 - BACK !! thank you to for running the so well and to our â€¦
36,2022-05-04 16:52:45+00:00,BACK - 2 - BACK - 2 - BACK - 2 - BACK !! thank you to for running the so well and to our â€¦
37,2022-05-04 16:52:42+00:00,lost 6 . 1 of wealth after ' surprise â€¦
38,2022-05-04 16:52:38+00:00,": The has been , but one has dominated the table once again ... ğŸ† of the â€¦"
39,2022-05-04 16:52:04+00:00,May at The 7 . 86 % to 21 . 88 News by
40,2022-05-04 16:51:32+00:00,â€¦
41,2022-05-04 16:51:20+00:00,": The has been , but one has dominated the table once again ... ğŸ† of the â€¦"
42,2022-05-04 16:51:09+00:00,: There ' room for a â€¦
43,2022-05-04 16:51:02+00:00,"The has been , but one has dominated the table once again ... ğŸ† â€¦"
44,2022-05-04 16:49:59+00:00,â€¦
45,2022-05-04 16:48:45+00:00,"of ( May 2022 ), 04 / 05 / 2022"
46,2022-05-04 16:46:24+00:00,: My top 10stocks for the coming are based on future & ; not based on past performance . â€¢ Bank â€¢ â€¦
47,2022-05-04 16:46:04+00:00,Agreed
48,2022-05-04 16:45:00+00:00,ğŸ¦ Unusual Observed : $ with our on $ 115 CALL : 05 / 20 / 2022 28K ğŸ‚ Start â€¦
49,2022-05-04 16:42:16+00:00,There ' room â€¦
50,2022-05-04 16:41:07+00:00,At â€¦
51,2022-05-04 16:40:27+00:00,": Date : May 04 , 2022 Source : 3288 in Cash 1338 in Cash â€¦"
52,2022-05-04 16:39:01+00:00,Be â€¦
53,2022-05-04 16:37:43+00:00,Do the first then answer the simple . Earn 10 $+ in your . Now . or â€¦
54,2022-05-04 16:37:03+00:00,Share : Most active of the day in terms of The closed 391 . 5 â€¦
55,2022-05-04 16:36:28+00:00,Why ' you at 37 ??? â€¦
56,2022-05-04 16:34:21+00:00,returns 2022 - 05 - 04
57,2022-05-04 16:31:15+00:00,": from whose mother is a ğŸ‡®ğŸ‡³. is going to play - 17 , a â€¦"
58,2022-05-04 16:30:33+00:00,2022 - 05 - 04 : ( Based on - ) - 66 . 88
59,2022-05-04 16:29:24+00:00,( for ) â€“ 4th MAY 2022
60,2022-05-04 16:28:14+00:00,: Will you apply for ? . . licipo2022 â€¦
61,2022-05-04 16:23:53+00:00,BULK DEAL / 4 - May - 22 / / . / - 2 / / 2005000 / 225 . 10
62,2022-05-04 16:23:32+00:00,Financial : Result is in - line with expectations â€¦
63,2022-05-04 16:21:43+00:00,DAY 1 : 67 % ON DAY - 0 . 33 TIMES NON - 0 . 27 TIMES - 0 . 60 TIMES EMPLOYEES - 1 . 1 â€¦
64,2022-05-04 16:20:44+00:00,": â‡ï¸ Keep on , Life time High ğŸ’¹ğŸ”¥ğŸ”¥ ğŸ“¢ ' FORGET TO LIKE ğŸ‘ | SHARE | â€¦"
65,2022-05-04 16:18:59+00:00,Limited â€¦
66,2022-05-04 16:17:55+00:00,: look into samples that make use of a file to - â€¦
67,2022-05-04 16:17:48+00:00,": â‡ï¸ Keep on , Life time High ğŸ’¹ğŸ”¥ğŸ”¥ ğŸ“¢ ' FORGET TO LIKE ğŸ‘ | SHARE | â€¦"
68,2022-05-04 16:17:38+00:00,Life Limited â€¦
69,2022-05-04 16:17:29+00:00,â€¦
70,2022-05-04 16:13:31+00:00,Rain .: Result has â€¦
71,2022-05-04 16:11:32+00:00,Small Bank .: Result is below expectations â€¦
72,2022-05-04 16:10:54+00:00,2021 : Everyone was convinced will not stop before 22000 2022 : Now we are sure that we are towards â€¦
73,2022-05-04 16:10:04+00:00,Share : Most active in today ' in terms of volume The closed 391 . 5 point â€¦
74,2022-05-04 16:09:57+00:00,Wealth .: Result has â€¦
75,2022-05-04 16:09:52+00:00,: look into samples that make use of a file to - â€¦
76,2022-05-04 16:08:58+00:00,at 8 : 00pm on the with
77,2022-05-04 16:07:09+00:00,Today ğŸ¤£ğŸ˜›ğŸ˜‚ğŸ˜„ğŸ˜†ğŸ˜
78,2022-05-04 16:05:31+00:00,Total Gas .: Result is Q4FY2021 â€¦
79,2022-05-04 16:02:56+00:00,.: Result is above expectations â€¦
80,2022-05-04 16:01:38+00:00,data of 04 / 05 / 2022
81,2022-05-04 16:01:30+00:00,.: Result is in - line with expectations Q4FY2021 â€¦
82,2022-05-04 16:01:17+00:00,: Join ' conversation as we banking & ; the for the with . â€¦
83,2022-05-04 16:00:29+00:00,Today â€¦
84,2022-05-04 15:59:33+00:00,.: Result has Q4FY2021 â€¦
85,2022-05-04 15:58:32+00:00,: Do you know that can be your destination ? And the country can be a to the country of your dreams .â€¦
86,2022-05-04 15:58:22+00:00,"May 04 , 2022 Source : 3288 in Cash"
87,2022-05-04 15:57:50+00:00,: to make 2000 /- in Open : â€¦
88,2022-05-04 15:57:39+00:00,for â€¦
89,2022-05-04 15:54:35+00:00,for support and resistance with / for / .
90,2022-05-04 15:54:31+00:00,": Dear friends , This is a where you can search for in the different states and â€¦"
91,2022-05-04 15:50:49+00:00,: Dear Start from our . All the are on our . on â€¦
92,2022-05-04 15:49:11+00:00,ğŸ‘
93,2022-05-04 15:47:59+00:00,Bank for 5th may .... â€¦
94,2022-05-04 15:47:16+00:00,"data for the day , 04 / 05 / 2022 Source :"
95,2022-05-04 15:43:46+00:00,My point exactly . The of new at has been quite
96,2022-05-04 15:42:13+00:00,": Dear , is here for you . Start processing with ."
97,2022-05-04 15:41:03+00:00,": that hit 52 - week on in today ' Hospital , , â€¦"
98,2022-05-04 15:41:00+00:00,: in the US any chance we shall be into this US $ 61B opportunity as a country ? â€¦
99,2022-05-04 15:40:15+00:00,in salt business ....
