,txt,polarity
0,RT Tlktivedollr Relince Industries executes n greement to cquire  stke in Sterling mp Wilson from Shpoorji Pllonji worth Rs,0.2263
1,Relince Industries executes n greement to cquire  stke in Sterling mp Wilson from Shpoorji Pllonji worth ,0.2263
2,RT MeyyppnPl During Jn  equity crsh,0
3,Relince industries invested Cr,0
4,In sinpints for  stke,0
5,Still holding them stro,0
6,Hello Investors,0
7,Detiled nlysis on Relince Industries for investment Hope this helps,0.7096
8,Indi mde btteries by using se wter   Relince Industries to cquir  vi YouTube,0
9,Hey folks heres  quick roundup of todys top stories,0.2023
10,GM Breweries Q numbers were  mjor disppointment ,0
11,R ,0
12,RT smvvedu Relince Industries gined  to Rs  fter the compnys rm Relince Retil purchsed  stke in Duno,0
13,shre,0
14,RT FinncilXpress Relince Industries Titn HCL Tech dni Enterprises ee Lern Colgte Wockhrdt stocks in focus ,0
15,RelinceIndus,0
16,RT smvvedu Relince Industries gined  to Rs  fter the compnys rm Relince Retil purchsed  stke in Duno,0
17,shre,0
18,Mukeshmbni  why not crete  sfri prk rther thn trpping innocent nimls for humn plesure oos re  ,0.34
19,cquisition Spree of Relince Industriescontinues ,0
20,Relince Industries RIL rose  The compnys rm Relince Retil purchsed  stke in Duno Duno Ind ,0
21,RT ShilKpoor This worked in fvour of Rupee ,0
22,Relince Industries mopping up  billion through  foreign currency bonds issunce,0
23,Th,0
24,Equity benchmrk Sensex rebounded  points on Fridy boosted by gins in index mjors Relince Industries ,0.3612
25,RT CNBCTVLive JustIN  Relince Industries executes n greement to cquire  in Sterling mp Wilson from Shpoorji Pllonji    ,0
26,Equity benchmrk Sensex rebounded  points on Fridy boosted by gins in index mjors Relince Industries TCS ,0.3612
27,RT smvvedu Relince Industries gined  to Rs  fter the compnys rm Relince Retil purchsed  stke in Duno,0
28,shre,0
29,RT CNBCTVLive JustIN  Relince Industries executes n greement to cquire  in Sterling mp Wilson from Shpoorji Pllonji    ,0
30,RT VikshShrmIB WhindgiSwdeshifilm The Mke in Indi cmpign is plying  significnt role in boosting the domestic mnufct,0.34
31,RT BigBrekingNow Relince Industries Block Dels,-0.4404
32,Vodfone Ide Block Dels,-0.4404
33,Bitcoin Bi,0
34,RT CNBCTVLive JustIN  Relince Industries executes n greement to cquire  in Sterling mp Wilson from Shpoorji Pllonji    ,0
35,RelinceIndustriesRIL shre priceroseinerlytrdingonJnur y fterthecompnyssubsidiryRelinceR ,0
36,There re things you cn criticise Relince Industries on but this is not one of them when interest rtes re bo ,0.4678
37,Relince Industries  genertionl lep,0
38,Indi Tody,0
39,RT CNBCTVLive JustIN  Relince Industries executes n greement to cquire  in Sterling mp Wilson from Shpoorji Pllonji    ,0
40,RT smvvedu Relince Industries gined  to Rs  fter the compnys rm Relince Retil purchsed  stke in Duno,0
41,shre,0
42,The pes were originlly self sufficient over time they were introduced to convenience reducing their relince on ,0
43,The US compny successfully used the terms of its  investment in  Future unit to block the Indin retiler ,0.0772
44,RT BigBrekingNow Relince Industries,0
45,nother block of  shres t  worth  crore rupees,-0.25
46,Checkout our website for ll the,0
47,Relince Industries  billion foreign currency bonds is the biggest ever business news l  ,0
48,Relince Industries,0
49,nother block of  shres t  worth  crore rupees,-0.25
50,Checkout our website for ll ,0
51,RT smvvedu Relince Industries gined  to Rs  fter the compnys rm Relince Retil purchsed  stke in Duno,0
52,shre,0
53,Relince Industries rises fter rm buys stke in Duno Relince Industries gined  to Rs  fter the c ,0
54,week highs week lows Titn sin Pints mong stocks to hit week high Pytm Policybr hit fresh lo ,-0.4767
55,Relince Rises  Billion In Foreign Currency Bonds Issue,0
56,Relince Industries Limited on Thursdy sid it hs ri ,-0.2263
57,Relince Industriess billion foreign currencybonds issue is Indis biggest ,0
58,Relince Industries,0
59,nother block of  shres t  worth  crore rupees,-0.25
60,Checkout our website for ll ,0
61,RT smvvedu Relince Industries gined  to Rs  fter the compnys rm Relince Retil purchsed  stke in Duno,0
62,shre,0
63,I just published n rticle on Relince Industries Going the Strtup WyThe Future of Orgnistions Prt III ,0
64,Relince Industries rises  bln in Indis biggest forex bond del  Finncil Post ,0
65,RT smvvedu Relince Industries gined  to Rs  fter the compnys rm Relince Retil purchsed  stke in Duno,0
66,shre,0
67,RT CNBCTVLive JustIN  Relince Industries executes n greement to cquire  in Sterling mp Wilson from Shpoorji Pllonji    ,0
68,RT smvvedu Relince Industries gined  to Rs  fter the compnys rm Relince Retil purchsed  stke in Duno,0
69,shre,0
70,Relince Industries surges fter its telecom rm lunches UPI utopy in collbortion withNPCI ,0
71,Relince Industries gined  to Rs  fter the compnys rm Relince Retil purchsed  stke in Du ,0
72,RT rjeshshrm Buy Relince industries LTD t  sl  tgt ,0
73,Buy Relince industries LTD t  sl  tgt ,0
74,Relince Industries,0
75,nother block of  shres t  worth  crore rupees,-0.25
76,Checkout our website for ll ,0
77,ril Relince Industriess  billion foreign currencybonds issue is Indis biggest  Times of Indi Indi NewsC ,0
78,Relince Industries rises  billion in US dollr bonds,0
79,Relince ,0
80,RT nndShrmINC Mukesh mbni Truly  visionry leder guiding Relince Industries diversifiction nd impressive growth to globl hei,0.8316
81,RT LekingRoof Der RBI Remove  sppl spek to nsithrmn nd discuss mergeinfuse PMOIndi nrendrmodi DsShktiknt pl,0
82,RT Nikkeisi Indis Relince Industries hs invested  million for   stke in domestic quickcommerce delivery strtup Duno,0
83,BusinessNews Equity benchmrk Sensex jumped  points in opening trde on Fridy trcking gins in indexhevyw ,0
84,RelinceRetil Ventures RRVL bought  percent stke in Duno Relince Industries RIL  shre price gined ,0
85,Relince Industriess  billion foreign currencybonds issue is Indis biggest  Times of Indi ,0
86,RT PrhldbhiPr Relince Industriess  billion foreign currencybonds issue is Indis biggest ,0
87,Relince Industriess  billion foreign currencybonds issue is Indis biggest ,0
88,week highs week lows Titn sin Pints mong stocks to hit week high Pytm Policybr hit fresh lo ,-0.4767
89,WEEK HIGHS WEEK LOWS TITN SIN PINTS MONG STOCKS TO HIT WEEK HIGH PYTM POLICYBR HIT FRESH LO ,-0.4767
90,Stock Mrket updte Relince Industries shres up by  fter rising  billion in bonds,0
91,BSENSE BuingStocks ,0
92,Relince Industries Titn HCL Tech dni Enterprises ee Lern Colgte Wockhrdt stocks in focus ,0
93,Relince Industries ,0
94,nother block of  shres t  worth  crore rupees,-0.25
95,Checkout our website for ,0
96,Shre Mrket Tody LIVE  Sensex Nifty BSE NSE Shre Prices Stock Mrket News  ,0.4019
97,Mukesh mbni hd not so long go,0
98,set out with n im to mke Relince Industries net debtfree nd even mnged t ,0
99,The Sensex opened  points higher on Fridy fter dvnces in index hevyweights ICICI Bnk Relince Industrie ,0
100,RT ShilKpoor This worked in fvour of Rupee ,0
101,Relince Industries mopping up  billion through  foreign currency bonds issunce,0
102,Th,0
103,Godrej Consumer GCPL Sees mrgin squeee in Q mrred by cost rise expect consolidted sles growth in close to ,0.3818
104,RT Nikkeisi Indis Relince Industries hs invested  million for   stke in domestic quickcommerce delivery strtup Duno,0
105,Indis Relince Industries hs invested  million for   stke in domestic quickcommerce delivery strt ,0
106,Relince Industries Relince Retil Ventures invested  million bout Rs  crore in Duno for  stke,0
107,RT CNBCTVLive JustIN  Relince Industries executes n greement to cquire  in Sterling mp Wilson from Shpoorji Pllonji    ,0
108,Relince Industries,0
109,nother block of  shres t  worth  crore rupees,-0.25
110,Checkout our website for ll ,0
111,RT CNBCTVLive JustIN  Relince Industries executes n greement to cquire  in Sterling mp Wilson from Shpoorji Pllonji    ,0
112,RT ShilKpoor This worked in fvour of Rupee ,0
113,Relince Industries mopping up  billion through  foreign currency bonds issunce,0
114,Th,0
115,RT MeyyppnPl During Jn  equity crsh,0
116,Relince industries invested Cr,0
117,In sinpints for  stke,0
118,Still holding them stro,0
119,Relince Industries RIL shre price rises by  on Jnury  fter the compnys subsidiry Relince Retil Ven ,0
120,RT ttindi Relince Industries Ltd RIL on Thursdy sid it hs rised  billion of bonds in three trnches setting  record for  dol,0
121,Relince Industries,0
122,nother block of  shres t  worth  crore rupees,-0.25
123,Checkout our website for  ,0
124,RT CNBCTVLive JustIN  Relince Industries executes n greement to cquire  in Sterling mp Wilson from Shpoorji Pllonji    ,0
125,Relince Industries,0
126,nother block of  shres t  worth  crore rupees,-0.25
127,Checkout our website for ll ,0
128,RT CNBCTVLive JustIN  Relince Industries executes n greement to cquire  in Sterling mp Wilson from Shpoorji Pllonji    ,0
129,Relince Industriess billion foreign currencybonds issue is Indis biggest  Business by TimesofIndi ,0
130,Relince Industries Ltd RIL on Thursdy sid it hs rised  billion of bonds in three trnches setting  recor ,0
131,RT QWelth Wockhrdt pproved pln to rise  cr vi rights issue ,0
132,Relince Retil picks  stke in Duno for  million ,0
133,This worked in fvour of Rupee ,0
134,Relince Industries mopping up  billion through  foreign currency bonds issun ,0
135,Relince Retil  subsidiry of Indis biggest privte corportion Relince Industries RIL hs invested  m ,0
136,Relince Industries rises  billion vi offshore bonds in wht is the lrgest foreigncurrency bond issue out of ,0
137,RT CNBCTVLive JustIN  Relince Industries executes n greement to cquire  in Sterling mp Wilson from Shpoorji Pllonji    ,0
138,Wockhrdt pproved pln to rise  cr vi rights issue ,0
139,Relince Retil picks  stke in Duno for  ,0
140,Only relistic compnies to invest in power sector,0
141, Relince Industries,0
142, Tt Power,0
143, JSW Energy,0.2732
144,Other thn th ,0
145,RT CNBCTVLive JustIN  Relince Industries executes n greement to cquire  in Sterling mp Wilson from Shpoorji Pllonji    ,0
146,Relince Industries rises  billion in US dollr bonds,0
147,RT BigBrekingNow Relince Industries,0
148,nother block of  shres t  worth  crore rupees,-0.25
149,Checkout our website for ll the,0
150,RT CNBCTVLive JustIN  Relince Industries executes n greement to cquire  in Sterling mp Wilson from Shpoorji Pllonji    ,0
151,RT CNBCTVLive JustIN  Relince Industries executes n greement to cquire  in Sterling mp Wilson from Shpoorji Pllonji    ,0
152,RT CNBCTVLive JustIN  Relince Industries executes n greement to cquire  in Sterling mp Wilson from Shpoorji Pllonji    ,0
153,RT Brekingviews Mukesh mbnis  billion Relince Industries hs issued  yer bond Bgging chep funding now looks smrt But ,0
154,RT CNBCTVLive JustIN  Relince Industries executes n greement to cquire  in Sterling mp Wilson from Shpoorji Pllonji    ,0
155,Relince Industries Rises   bln in Lrgest Dollr Bond issue From Indi,0
